<?xml version="1.0"?>
<!DOCTYPE modification SYSTEM "http://www.simplemachines.org/xml/modification">
<modification xmlns="http://www.simplemachines.org/xml/modification" xmlns:smf="http://www.simplemachines.org/">
	<id>brianjw:GoogleMapsMod</id>
	<name>Google Member Map</name>
	<version>2.0.8</version>

	<file name="$boarddir/index.php">
		<operation>
			<search position="after"><![CDATA[
		'groups' => array('Groups.php', 'Groups'),]]></search>
			<add><![CDATA[
		'googlemap' => array('GoogleMap20.php', 'Map'),
		'membermap' => array('GoogleMap20.php', 'Map'),]]></add>
		</operation>

		<operation>
			<search position="after"><![CDATA[
		'.xml' => array('News.php', 'ShowXmlFeed'),]]></search>
			<add><![CDATA[
		'.kml' => array('GoogleMap20.php', 'ShowKML'),]]></add>
		</operation>
	</file>

	<file name="$sourcedir/Admin.php">
		<operation>
			<search position="after"><![CDATA[
						'general' => array($txt['mods_cat_modifications_misc']),]]></search>
			<add><![CDATA[
						'googlemap' => array($txt['googleMap']),]]></add>
		</operation>
	</file>

	<file name="$sourcedir/Load.php">
		<operation>
			<search position="before"><![CDATA[
		'website' => array(
			'title' => $profile['website_title'],
			'url' => $profile['website_url'],
		),]]></search>
			<add><![CDATA[
		'googleMap' => array(
			'latitude' => !isset($profile['latitude']) ? '' : $profile['latitude'],
			'longitude' => !isset($profile['longitude']) ? '' : $profile['longitude'],
			'pindate' => !isset($profile['pindate']) ? '' : $profile['pindate'],
		),]]></add>
		</operation>

		<operation>
			<search position="replace"><![CDATA[
			mem.buddy_list, mg.online_color AS member_group_color, IFNULL(mg.group_name, {string:blank_string}) AS member_group,]]></search>
			<add><![CDATA[
			mem.buddy_list, mem.latitude, mem.longitude, mem.pindate, mg.online_color AS member_group_color, IFNULL(mg.group_name, {string:blank_string}) AS member_group,]]></add>
		</operation>

		<operation>
			<search position="replace"><![CDATA[
			mem.notify_types, lo.url, mg.online_color AS member_group_color, IFNULL(mg.group_name, {string:blank_string}) AS member_group,]]></search>
			<add><![CDATA[
			mem.notify_types, mem.latitude, mem.longitude, mem.pindate, lo.url, mg.online_color AS member_group_color, IFNULL(mg.group_name, {string:blank_string}) AS member_group,]]></add>
		</operation>
	</file>

	<file name="$sourcedir/ManagePermissions.php">
		<operation>
			<search position="before"><![CDATA[
			'view_mlist' => array(false, 'general', 'view_basic_info'),]]></search>
			<add><![CDATA[
			'googleMap_view' => array(false, 'general', 'view_basic_info'),
			'googleMap_place' => array(false, 'general', 'view_basic_info'),]]></add>
		</operation>

		<operation>
			<search position="before"><![CDATA[
		'profile_server_avatar',
		'profile_upload_avatar',]]></search>
			<add><![CDATA[
		'googleMap_view',
		'googleMap_place',]]></add>
		</operation>
	</file>

	<file name="$sourcedir/ManageSettings.php">
		<operation>
			<search position="before"><![CDATA[		// Mod authors, once again, if you have a whole section to add do it AFTER this line, and keep a comma at the end.
]]></search>
			<add><![CDATA[		'googlemap' => 'ModifyGoogleMapSettings',
]]></add>
		</operation>
		
		<operation>
			<search position="before"><![CDATA[		'description' => $txt['modification_settings_desc'],
		'tabs' => array(
			'general' => array(
			),
]]></search>
			<add><![CDATA[			'googlemap' => array(
				'description' => $txt['googlemapdesc'],
			),
]]></add>
		</operation>
	
		<operation>
			<search position="after"><![CDATA[?>]]></search>
			<add><![CDATA[
function ModifyGoogleMapSettings()
{
	global $txt, $scripturl, $context, $settings, $sc;

	$config_vars = array(
			// Map - On or off?
			array('check', 'googleMapsEnable'),
			array('check', 'googleMapsEnableLegend'),
			array('select', 'googleSidebar', array('none' => $txt['nosidebar'], 'right' => $txt['rightsidebar'])),
		'',
			// Key, pins static/gender/membergroup
			array('text', 'googleMapsKey'),
			array('check', 'KMLoutput_enable'),
			array('int', 'googleMapsPinNumber'),
			array('select', 'googleMapsType', array('G_NORMAL_MAP' => $txt['map'], 'G_SATELLITE_MAP' => $txt['satellite'], 'G_HYBRID_MAP' => $txt['hybrid'])),
			array('select', 'googleNavType', array('GLargeMapControl3D' => $txt['glargemapcontrol3d'], 'GLargeMapControl' => $txt['glargemapcontrol'], 'GSmallMapControl' => $txt['gsmallmapcontrol'], 'GSmallZoomControl3D' => $txt['gsmallzoomcontrol3d'], 'GSmallZoomControl' => $txt['gsmallzoomcontrol'])),
			array('check', 'googleBoldMember'),
		'',
			// Default Location/Zoom
			array('float', 'googleMapsDefaultLat', '25'),
			array('float', 'googleMapsDefaultLong', '25'),
			array('int', 'googleMapsDefaultZoom'),
		'',
			// Member Pin Style
			array('check', 'googleMapsPinGender'),
			array('text', 'googleMapsPinBackground', '6'),
			array('text', 'googleMapsPinForeground', '6'),
			array('select', 'googleMapsPinStyle', array('plainpin' => $txt['plainpin'], 'textpin' => $txt['textpin'], 'iconpin' => $txt['iconpin'])),
			array('check', 'googleMapsPinShadow'),
			array('int', 'googleMapsPinSize', '2'),
			array('text', 'googleMapsPinText'),
			array('select', 'googleMapsPinIcon', 
				array(
					'academy' => $txt['academy'],
					'activities' => $txt['activities'],
					'airport' => $txt['airport'],
					'amusement' => $txt['amusement'],
					'aquarium' => $txt['aquarium'],
					'art-gallery' => $txt['art-gallery'],
					'atm' => $txt['atm'],
					'baby' => $txt['baby'],
					'bank-dollar' => $txt['bank-dollar'],
					'bank-euro' => $txt['bank-euro'],
					'bank-intl' => $txt['bank-intl'],
					'bank-pound' => $txt['bank-pound'],
					'bank-yen' => $txt['bank-yen'],
					'bar' => $txt['bar'],
					'barber' => $txt['barber'],
					'beach' => $txt['beach'],
					'beer' => $txt['beer'],
					'bicycle' => $txt['bicycle'],
					'books' => $txt['books'],
					'bowling' => $txt['bowling'],
					'bus' => $txt['bus'],
					'cafe' => $txt['cafe'],
					'camping' => $txt['camping'],
					'car-dealer' => $txt['car-dealer'],
					'car-rental' => $txt['car-rental'],
					'car-repair' => $txt['car-repair'],
					'casino' => $txt['casino'],
					'caution' => $txt['caution'],
					'cemetery-grave' => $txt['cemetery-grave'],
					'cemetery-tomb' => $txt['cemetery-tomb'],
					'cinema' => $txt['cinema'],
					'civic-building' => $txt['civic-building'],
					'computer' => $txt['computer'],
					'corporate' => $txt['corporate'],
					'fire' => $txt['fire'],
					'flag' => $txt['flag'],
					'floral' => $txt['floral'],
					'helicopter' => $txt['helicopter'],
					'home' => $txt['home'],
					'info' => $txt['info'],
					'landslide' => $txt['landslide'],
					'legal' => $txt['legal'],
					'location' => $txt['location'],
					'locomotive' => $txt['locomotive'],
					'medical' => $txt['medical'],
					'mobile' => $txt['mobile'],
					'motorcycle' => $txt['motorcycle'],
					'music' => $txt['music'],
					'parking' => $txt['parking'],
					'pet' => $txt['pet'],
					'petrol' => $txt['petrol'],
					'phone' => $txt['phone'],
					'picnic' => $txt['picnic'],
					'postal' => $txt['postal'],
					'repair' => $txt['repair'],
					'restaurant' => $txt['restaurant'],
					'sail' => $txt['sail'],
					'school' => $txt['school'],
					'scissors' => $txt['scissors'],
					'ship' => $txt['ship'],
					'shoppingbag' => $txt['shoppingbag'],
					'shoppingcart' => $txt['shoppingcart'],
					'ski' => $txt['ski'],
					'snack' => $txt['snack'],
					'snow' => $txt['snow'],
					'sport' => $txt['sport'],
					'star' => $txt['star'],
					'swim' => $txt['swim'],
					'taxi' => $txt['taxi'],
					'train' => $txt['train'],
					'truck' => $txt['truck'],
					'wc-female' => $txt['wc-female'],
					'wc-male' => $txt['wc-male'],
					'wc' => $txt['wc'],
					'wheelchair' => $txt['wheelchair'],
				)
			),
		'',
			// Clustering Options
			array('check', 'googleMapsEnableClusterer'),
			array('int', 'googleMapsMinMarkerCluster'),
			array('int', 'googleMapsMaxVisMarker'),
			array('int', 'googleMapsMaxNumClusters'),
			array('int', 'googleMapsMaxLinesCluster'),
		'',
			// Clustering Style
			array('text', 'googleMapsClusterBackground', '6'),
			array('text', 'googleMapsClusterForeground', '6'),
			array('select', 'googleMapsClusterStyle', array('plainpin' => $txt['plainpin'], 'textpin' => $txt['textpin'], 'iconpin' => $txt['iconpin'])),
			array('check', 'googleMapsClusterShadow'),
			array('int', 'googleMapsClusterSize', '2'),
			array('text', 'googleMapsClusterText'),
			array('select', 'googleMapsClusterIcon', 
				array(
					'academy' => $txt['academy'],
					'activities' => $txt['activities'],
					'airport' => $txt['airport'],
					'amusement' => $txt['amusement'],
					'aquarium' => $txt['aquarium'],
					'art-gallery' => $txt['art-gallery'],
					'atm' => $txt['atm'],
					'baby' => $txt['baby'],
					'bank-dollar' => $txt['bank-dollar'],
					'bank-euro' => $txt['bank-euro'],
					'bank-intl' => $txt['bank-intl'],
					'bank-pound' => $txt['bank-pound'],
					'bank-yen' => $txt['bank-yen'],
					'bar' => $txt['bar'],
					'barber' => $txt['barber'],
					'beach' => $txt['beach'],
					'beer' => $txt['beer'],
					'bicycle' => $txt['bicycle'],
					'books' => $txt['books'],
					'bowling' => $txt['bowling'],
					'bus' => $txt['bus'],
					'cafe' => $txt['cafe'],
					'camping' => $txt['camping'],
					'car-dealer' => $txt['car-dealer'],
					'car-rental' => $txt['car-rental'],
					'car-repair' => $txt['car-repair'],
					'casino' => $txt['casino'],
					'caution' => $txt['caution'],
					'cemetery-grave' => $txt['cemetery-grave'],
					'cemetery-tomb' => $txt['cemetery-tomb'],
					'cinema' => $txt['cinema'],
					'civic-building' => $txt['civic-building'],
					'computer' => $txt['computer'],
					'corporate' => $txt['corporate'],
					'fire' => $txt['fire'],
					'flag' => $txt['flag'],
					'floral' => $txt['floral'],
					'helicopter' => $txt['helicopter'],
					'home' => $txt['home'],
					'info' => $txt['info'],
					'landslide' => $txt['landslide'],
					'legal' => $txt['legal'],
					'location' => $txt['location'],
					'locomotive' => $txt['locomotive'],
					'medical' => $txt['medical'],
					'mobile' => $txt['mobile'],
					'motorcycle' => $txt['motorcycle'],
					'music' => $txt['music'],
					'parking' => $txt['parking'],
					'pet' => $txt['pet'],
					'petrol' => $txt['petrol'],
					'phone' => $txt['phone'],
					'picnic' => $txt['picnic'],
					'postal' => $txt['postal'],
					'repair' => $txt['repair'],
					'restaurant' => $txt['restaurant'],
					'sail' => $txt['sail'],
					'school' => $txt['school'],
					'scissors' => $txt['scissors'],
					'ship' => $txt['ship'],
					'shoppingbag' => $txt['shoppingbag'],
					'shoppingcart' => $txt['shoppingcart'],
					'ski' => $txt['ski'],
					'snack' => $txt['snack'],
					'snow' => $txt['snow'],
					'sport' => $txt['sport'],
					'star' => $txt['star'],
					'swim' => $txt['swim'],
					'taxi' => $txt['taxi'],
					'train' => $txt['train'],
					'truck' => $txt['truck'],
					'wc-female' => $txt['wc-female'],
					'wc-male' => $txt['wc-male'],
					'wc' => $txt['wc'],
					'wheelchair' => $txt['wheelchair'],
				)
			),
	);

	// Saving?
	if (isset($_GET['save']))
	{
		checkSession();

		saveDBSettings($config_vars);
		redirectexit('action=admin;area=modsettings;sa=googlemap');
	}

	$context['post_url'] = $scripturl . '?action=admin;area=modsettings;save;sa=googlemap';
	$context['settings_title'] = $txt['googleMapFO'];

	prepareDBSettingContext($config_vars);
}
]]></add>
		</operation>
	</file>

	<file name="$sourcedir/Profile-Modify.php">
		<operation>
			<search position="before"><![CDATA[
	$profile_strings = array(
		'buddy_list',
		'ignore_boards',
	);
]]></search>
			<add><![CDATA[
	if (isset($_POST['latitude']))
		$profile_vars['latitude'] = $_POST['latitude'] != '' ? $_POST['latitude'] : 'NULL';
	if (isset($_POST['longitude']))
		$profile_vars['longitude'] = $_POST['longitude'] != '' ? $_POST['longitude'] : 'NULL';
]]></add>
		</operation>

		<operation>
			<search position="replace"><![CDATA[
			'karma_good', 'hr',
			'website_title', 'website_url',
]]></search>
			<add><![CDATA[
			'karma_good', 'hr',
			'latitude', 'hr',
			'website_title', 'website_url',
]]></add>
		</operation>

		<operation>
			<search position="after"><![CDATA[
		'karma_good' => array(
			'type' => 'callback',
			'callback_func' => 'karma_modify',
			'permission' => 'admin_forum',
]]></search>
			<add><![CDATA[
		'latitude' => array(
			'type' => 'callback',
			'callback_func' => 'googlemap_modify',
			'permission' => 'googleMap_place',
			// Set longitude and pin date too!
			'input_validate' => create_function('&$value', '
				global $profile_vars, $cur_profile;

				$value = (float) $value;
				if (isset($_POST[\'longitude\']))
				{
					$profile_vars[\'longitude\'] = !empty($_POST[\'longitude\']) ? (float) $_POST[\'longitude\'] : 0;
					$cur_profile[\'longitude\'] = !empty($_POST[\'longitude\']) ? (float) $_POST[\'longitude\'] : 0;
				}
				$pintime = time();
				$profile_vars[\'pindate\'] = (int) $pintime;
				$cur_profile[\'pindate\'] = (int) $pintime;

				return true;
			'),
			'preload' => create_function('', '
				global $context, $cur_profile;

				$context[\'member\'][\'googleMap\'][\'latitude\'] = $cur_profile[\'latitude\'];
				$context[\'member\'][\'googleMap\'][\'longitude\'] = $cur_profile[\'longitude\'];
				$context[\'member\'][\'googleMap\'][\'pindate\'] = $cur_profile[\'pindate\'];

				return true;
			'),
		),]]></add>
		</operation>
	</file>

	<file name="$sourcedir/Subs.php">
		<operation>
			<search position="before"><![CDATA[
	elseif ($context['current_action'] == 'search2')
		$current_action = 'search';
]]></search>
			<add><![CDATA[
	elseif ($context['current_action'] == 'googlemap')
		$current_action = 'googlemap';
]]></add>
		</operation>

		<operation>
			<search position="before"><![CDATA[
					'post' => array(
						'title' => $txt['calendar_post_event'],
						'href' => $scripturl . '?action=calendar;sa=post',
						'show' => allowedTo('calendar_post'),
						'is_last' => true,
					),
				),
			),]]></search>
			<add><![CDATA[
			// Google Maps Mod
			'googlemap' => array(
				'title' => $txt['googleMap'],
				'href' => $scripturl . '?action=googlemap',
				'show' => !empty($modSettings['googleMapsEnable']) && allowedTo('googleMap_view'),
				'sub_buttons' => array(
				),
			),]]></add>
		</operation>
	</file>

	<file name="$themedir/Profile.template.php" error="skip">
		<operation>
			<search position="replace"><![CDATA[					<dd>', $context['member']['last_login'], '</dd>
				</dl>';
]]></search>
			<add><![CDATA[				<dd>', $context['member']['last_login'], '</dd>';

	if (!empty($modSettings['googleMapsEnable']) && allowedTo('googleMap_view'))
	{
		$modSettings['googleMapsKey'] = !empty($modSettings['googleMapsKey']) ? $modSettings['googleMapsKey'] : '';
		if (isset($context['member']['googleMap']['longitude']) && isset($context['member']['googleMap']['latitude']) && ($context['member']['googleMap']['longitude'] != 0.0) && ($context['member']['googleMap']['latitude'] != 0.0))
		{
			echo '
	</dl>
<hr />
<br />
<dl>
	<dt>', $txt['googleMapWhere'], '', $context['member']['name'], '</dt>
	<dd>
		<script type="text/javascript" language="JavaScript" src="http://maps.google.com/maps?file=api&v=2&key=', $modSettings['googleMapsKey'], '"></script>
		<div id="map" style="width: 100%; height: 350px; color: #000000;"></div>
		<input type="hidden" name="latitude" size="50" value="', $context['member']['googleMap']['latitude'], '" />
		<input type="hidden" name="longitude" size="50" value="', $context['member']['googleMap']['longitude'], '" />
		<input type="hidden" name="pindate" size="50" value="', $context['member']['googleMap']['pindate'], '" />
		<script type="text/javascript" language="JavaScript"><!-- // -->', chr(60), '![CDATA[
			function LoadMap() {
				var map = new GMap2(document.getElementById("map"));
				map.addControl(new ', $modSettings['googleNavType'], '());
				map.addControl(new GMapTypeControl());
				map.setCenter(new GLatLng(', $context['member']['googleMap']['latitude'], ',', $context['member']['googleMap']['longitude'], '), 13, ', $modSettings['googleMapsType'], ');
				var point = new GLatLng(', $context['member']['googleMap']['latitude'], ',', $context['member']['googleMap']['longitude'], ');
				var marker = new GMarker(point);
				map.addOverlay(marker);
			}
			if (GBrowserIsCompatible()) {
				window.onload=LoadMap;
			}
		// ]]', chr(62), '</script>
	</dd>
</dl>';
		}
	}
]]></add>
		</operation>
		
		<operation>
			<search position="before"><![CDATA[
								(', $txt['total'], ': <span id="karmaTotal">', ($context['member']['karma']['good'] - $context['member']['karma']['bad']), '</span>)
							</dd>';
}
]]></search>
			<add><![CDATA[

// Google Map Member Map
function template_profile_googlemap_modify()
{
	global $txt, $modSettings, $context;

	if (!empty($modSettings['googleMapsEnable']) && allowedTo('googleMap_view')) 
	{
		$modSettings['googleMapsKey'] = !empty($modSettings['googleMapsKey']) ? $modSettings['googleMapsKey'] : '';
		
		echo '
<dt><strong>', $txt['googleMap'], '</strong><br /><span class="smalltext">'. $txt['googleMapPleaseClick'].'<br />' . $txt['googleMapDisclaimer'] . '</span></dt>
<dd>
<style type="text/css">
	@import url("http://www.google.com/uds/css/gsearch.css");
	@import url("http://www.google.com/uds/solutions/localsearch/gmlocalsearch.css");
	#map input, textarea {background-color: #ffffff;}
</style>
<br />
        <script type="text/javascript" language="JavaScript" src="http://maps.google.com/maps?file=api&v=2&key=' . $modSettings['googleMapsKey'] . '"></script>
        <script type="text/javascript" language="JavaScript" src="http://www.google.com/uds/api?file=uds.js&amp;v=1.0" ></script>
        <script type="text/javascript" language="JavaScript" src="http://www.google.com/uds/solutions/localsearch/gmlocalsearch.js"></script>
        <div id="map" style="width: 100%; height: 350px; color: #000000;" align="center"></div>
        <input type="hidden" name="latitude" id="latitude" size="50" value="', $context['member']['googleMap']['latitude'], '" />
        <input type="hidden" name="longitude" id="longitude" size="50" value="', $context['member']['googleMap']['longitude'], '" />
        <input type="hidden" name="pindate" id="pindate" size="50" value="', $context['member']['googleMap']['pindate'], '" />
        <script type="text/javascript" language="JavaScript"><!-- // -->', chr(60), '![CDATA[
	
		function LoadMap() {
			var map = new GMap2(document.getElementById("map"));
			map.addControl(new ', $modSettings['googleNavType'], '());
			map.addControl(new GMapTypeControl());
			var options = {
				suppressInitialResultSelection : true, 
				resultList : google.maps.LocalSearch.RESULT_LIST_SUPPRESS
			};
			map.addControl(new google.maps.LocalSearch(options), new GControlPosition(G_ANCHOR_BOTTOM_LEFT, new GSize(4,4)));';
 
		if (isset($context['member']['googleMap']['longitude']) && isset($context['member']['googleMap']['latitude']) && ($context['member']['googleMap']['longitude'] != 0.0) && ($context['member']['googleMap']['latitude'] != 0.0))
		{
			echo '
			map.setCenter(new GLatLng(', $context['member']['googleMap']['latitude'], ',', $context['member']['googleMap']['longitude'], '), 13, ', $modSettings['googleMapsType'], ');
			var point = new GLatLng(', $context['member']['googleMap']['latitude'], ',', $context['member']['googleMap']['longitude'], ');
			var marker = new GMarker(point);
			map.addOverlay(marker);';
		}
		else 
		{
			echo '
			map.setCenter(new GLatLng(0,0), 1, G_NORMAL_MAP);';
		}
	
		echo '
			GEvent.addListener(map, "click", function(overlay, point) {
				if (overlay) {
					map.clearOverlays();
					document.getElementById("latitude").value = "";
					document.getElementById("longitude").value = "";
				}
				else if (point) {
					map.clearOverlays();
					map.addOverlay(new GMarker(point));
					map.panTo(point);
					document.getElementById("latitude").value = point.y;
					document.getElementById("longitude").value = point.x;
				}
			});
		}
		if (GBrowserIsCompatible()) {
			window.onload=LoadMap;
		}
		// ]]', chr(62), '</script>
</dd>';
	}
}
]]></add>
		</operation>
	</file>	

</modification>