<?xml version="1.0"?>
<!DOCTYPE modification SYSTEM "http://www.simplemachines.org/xml/modification">
<modification xmlns="http://www.simplemachines.org/xml/modification" xmlns:smf="http://www.simplemachines.org/">
	<id>brianjw:GoogleMapsMod</id>
	<name>Google Member Map</name>
	<version>1.0 beta 4</version>

	<file name="$boarddir/index.php">
		<operation>
			<search position="before"><![CDATA[
		'membergroups' => array('ManageMembergroups.php', 'ModifyMembergroups'),]]></search>
			<add><![CDATA[
		'googlemap' => array('GoogleMap11.php', 'Map'),
		'membermap' => array('GoogleMap11.php', 'Map'),]]></add>
		</operation>

		<operation>
			<search position="after"><![CDATA[
		'.xml' => array('News.php', 'ShowXmlFeed'),]]></search>
			<add><![CDATA[
		'.kml' => array('GoogleMap11.php', 'ShowKML'),]]></add>
		</operation>
	</file>

	<file name="$sourcedir/Load.php">
		<operation>
			<search position="before"><![CDATA[
		'post_group' => $profile['post_group'],
		'post_group_color' => $profile['post_group_color'],
		'group_stars' => str_repeat('<img src="' . str_replace('$language', $context['user']['language'], isset($profile['stars'][1]) ? $settings['images_url'] . '/' . $profile['stars'][1] : '') . '" alt="*" border="0" />', empty($profile['stars'][0]) || empty($profile['stars'][1]) ? 0 : $profile['stars'][0]),
		'local_time' => timeformat(time() + ($profile['timeOffset'] - $user_info['time_offset']) * 3600, false),]]></search>
			<add><![CDATA[
		'googleMap' => array(
			'latitude' => $profile['latitude'],
			'longitude' => $profile['longitude'],
		),]]></add>
		</operation>

		<operation>
			<search position="replace"><![CDATA[
			mem.buddy_list, mg.onlineColor AS member_group_color, IFNULL(mg.groupName, '') AS member_group,]]></search>
			<add><![CDATA[
			mem.buddy_list, mem.latitude, mem.longitude, mg.onlineColor AS member_group_color, IFNULL(mg.groupName, '') AS member_group,]]></add>
		</operation>

		<operation>
			<search position="replace"><![CDATA[
			mem.notifyTypes, lo.url, mg.onlineColor AS member_group_color, IFNULL(mg.groupName, '') AS member_group,]]></search>
			<add><![CDATA[
			mem.notifyTypes, mem.latitude, mem.longitude, lo.url, mg.onlineColor AS member_group_color, IFNULL(mg.groupName, '') AS member_group,]]></add>
		</operation>
	</file>

	<file name="$sourcedir/ManagePermissions.php">
		<operation>
			<search position="before"><![CDATA[
				'view_mlist' => false,]]></search>
			<add><![CDATA[
				'googleMap_view' => false,
				'googleMap_place' => false,]]></add>
		</operation>

		<operation>
			<search position="before"><![CDATA[
		'profile_server_avatar',
		'profile_upload_avatar',]]></search>
			<add><![CDATA[
		'googleMap_view',
		'googleMap_place',]]></add>
		</operation>
	</file>

	<file name="$sourcedir/ModSettings.php">
		<operation>
			<search position="before"><![CDATA[	$context['sub_template'] = 'show_settings';

	$subActions = array(
		'basic' => 'ModifyBasicSettings',
		'layout' => 'ModifyLayoutSettings',]]></search>
			<add><![CDATA[
		'googlemap' => 'ModifyGoogleMapSettings',]]></add>
		</operation>

		<operation>
			<search position="after"><![CDATA[
			'karma' => array(
				'title' => $txt['smf293'],
				'href' => $scripturl . '?action=featuresettings;sa=karma;sesc=' . $context['session_id'],
				'is_last' => true,
			),]]></search>
			<add><![CDATA[
			'googlemap' => array(
				'title' => $txt['googleMapFO'],
				'href' => $scripturl . '?action=featuresettings;sa=googlemap;sesc=' . $context['session_id'],
			),]]></add>
		</operation>
		
		<operation>
			<search position="before"><![CDATA[// This function basically just redirects to the right save function.
function ModifyFeatureSettings2()
{
	global $context, $txt, $scripturl, $modSettings, $sourcedir;

	isAllowedTo('admin_forum');
	loadLanguage('ModSettings');

	// Quick session check...
	checkSession();

	require_once($sourcedir . '/ManageServer.php');

	$subActions = array(
		'basic' => 'ModifyBasicSettings',
		'layout' => 'ModifyLayoutSettings',
		'karma' => 'ModifyKarmaSettings',]]></search>
			<add><![CDATA[
		'googlemap' => 'ModifyGoogleMapSettings',]]></add>
		</operation>

		<operation>
			<search position="after"><![CDATA[?>]]></search>
			<add><![CDATA[
function ModifyGoogleMapSettings()
{
	global $txt, $scripturl, $context, $settings, $sc;

	$config_vars = array(
			// Map - On or off?
			array('check', 'googleMapsEnable'),
			array('check', 'googleMapsEnableLegend'),
		'',
			// Key, pins static/gender/membergroup
			array('text', 'googleMapsKey'),
			array('check', 'googleMapsPinGender'),
			array('check', 'KMLoutput_enable'),
			array('int', 'googleMapsPinNumber'),
            array('select', 'googleMapsType', array('G_NORMAL_MAP' => 'Map', 'G_SATELLITE_MAP' => 'Satellite', 'G_HYBRID_MAP' => 'Hybrid')),
            array('select', 'googleSidebar', array('No Sidebar', 'Sidebar Right')),
        '',
            // Default Location/Zoom
            array('float', 'googleMapsDefaultLat', '25'),
            array('float', 'googleMapsDefaultLong', '25'),
            array('int', 'googleMapsDefaultZoom'),
        '',
            // Clustering Options
            array('check', 'googleMapsEnableClusterer'),
            array('int', 'googleMapsMinMarkerCluster'),
            array('int', 'googleMapsMaxVisMarker'),
            array('int', 'googleMapsMaxNumClusters'),
            array('int', 'googleMapsMaxLinesCluster'),
            
	);

	// Saving?
	if (isset($_GET['save']))
	{
		saveDBSettings($config_vars);
		redirectexit('action=featuresettings;sa=googlemap');
	}

	$context['post_url'] = $scripturl . '?action=featuresettings2;save;sa=googlemap';
	$context['settings_title'] = $txt['googleMapFO'];

	prepareDBSettingContext($config_vars);
}
]]></add>
		</operation>
	</file>

	<file name="$sourcedir/Profile.php">
		<operation>
			<search position="before"><![CDATA[
		'website' => array(
			'title' => !isset($user_profile[$memID]['websiteTitle']) ? '' : $user_profile[$memID]['websiteTitle'],
			'url' => !isset($user_profile[$memID]['websiteUrl']) ? '' : $user_profile[$memID]['websiteUrl'],
		),]]></search>
			<add><![CDATA[
		'googleMap' => array(
			'latitude' => !isset($user_profile[$memID]['latitude']) ? '' : $user_profile[$memID]['latitude'],
			'longitude' => !isset($user_profile[$memID]['longitude']) ? '' : $user_profile[$memID]['longitude'],
		),]]></add>
		</operation>

		<operation>
			<search position="before"><![CDATA[
	// Fix the spaces in messenger screennames...
	$fix_spaces = array('MSN', 'AIM', 'YIM');
	foreach ($fix_spaces as $var)
	{
		// !!! Why?
		if (isset($_POST[$var]))
			$_POST[$var] = strtr($_POST[$var], ' ', '+');
	}
]]></search>
			<add><![CDATA[
	if (isset($_POST['latitude']))
		$profile_vars['latitude'] = $_POST['latitude'] != '' ? $_POST['latitude'] : 'NULL';
	if (isset($_POST['longitude']))
		$profile_vars['longitude'] = $_POST['longitude'] != '' ? $_POST['longitude'] : 'NULL';
]]></add>
		</operation>
	</file>

	<file name="$themedir/index.template.php">
		<operation>
			<search position="replace"><![CDATA[
function template_menu()
{
	global $context, $settings, $options, $scripturl, $txt;
]]></search>
			<add><![CDATA[
function template_menu()
{
	global $context, $settings, $options, $scripturl, $txt, $modSettings;
]]></add>
		</operation>

		<operation>
			<search position="before"><![CDATA[
	if ($context['current_action'] == 'search2')
		$current_action = 'search';
]]></search>
			<add><![CDATA[
	if ($context['current_action'] == 'googlemap')
		$current_action = 'googlemap';
]]></add>
		</operation>

		<operation>
			<search position="before"><![CDATA[
	// The [calendar]!
	if ($context['allow_calendar'])
		echo ($current_action == 'calendar' || $context['browser']['is_ie4']) ? '<td class="maintab_active_' . $first . '">&nbsp;</td>' : '' , '
				<td valign="top" class="maintab_' , $current_action == 'calendar' ? 'active_back' : 'back' , '">
					<a href="', $scripturl, '?action=calendar">' , $txt['calendar24'] , '</a>
				</td>' , $current_action == 'calendar' ? '<td class="maintab_active_' . $last . '">&nbsp;</td>' : '';
]]></search>
			<add><![CDATA[
	// Google Maps Mod
	if (($modSettings['googleMapsEnable']) && (allowedTo('googleMap_view')))
		echo ($current_action == 'googlemap' || $context['browser']['is_ie4']) ? '<td class="maintab_active_' . $first . '">&nbsp;</td>' : '' , '
				<td valign="top" class="maintab_' , $current_action == 'googlemap' ? 'active_back' : 'back' , '">
					<a href="', $scripturl, '?action=googlemap">' , $txt['googleMap'] , '</a>
				</td>' , $current_action == 'googlemap' ? '<td class="maintab_active_' . $last . '">&nbsp;</td>' : '';
]]></add>
		</operation>
	</file>

	<file name="$themedir/Profile.template.php">
		<operation>
			<search position="before"><![CDATA[
	// Now print the second column where the members avatar/text is shown.
	echo '
		<td class="windowbg" valign="middle" align="center" width="150">
			', $context['member']['avatar']['image'], '<br /><br />
			', $context['member']['blurb'], '
		</td>
	</tr>';
]]></search>
			<add><![CDATA[
	if (($modSettings['googleMapsEnable']) && (allowedTo('googleMap_view'))) {
		if(isset($context['member']['googleMap']['latitude']) && isset($context['member']['googleMap']['longitude'])) {
			echo '
	<tr>
		<td class="windowbg" colspan="2">
			<script src="http://maps.google.com/maps?file=api&v=2&key=' . $modSettings['googleMapsKey'] . '" type="text/javascript"></script>
			<div id="map" style="width: 600px; height: 350px; color: #000000;"></div>
			<input type="hidden" name="latitude" size="50" value="', $context['member']['googleMap']['latitude'], '" />
			<input type="hidden" name="longitude" size="50" value="', $context['member']['googleMap']['longitude'], '" />
			<script type="text/javascript">';

	//Evil hack on this!!!
        echo '
			//' . chr(60) . chr(33) . chr(91) . chr(67) . chr(68) . chr(65) . chr(84) . chr(65) . chr(91);

	echo "
			function LoadMap() {
				var map = new GMap2(document.getElementById(\"map\"));
				map.addControl(new GSmallMapControl());
				map.addControl(new GMapTypeControl());
				map.setCenter(new GLatLng(" . $context['member']['googleMap']['latitude'] . "," . $context['member']['googleMap']['longitude'] . "), 13, ". $modSettings['googleMapsType'] .");
				var point = new GLatLng(" . $context['member']['googleMap']['latitude'] . "," . $context['member']['googleMap']['longitude'] . ");
				var marker = new GMarker(point);
				map.addOverlay(marker);
			}

			if (GBrowserIsCompatible()) {
				window.onload=LoadMap;
			}";
	//Lets make another evil hack!
	echo '
			//' . chr(93) . chr(93) . chr(62);
	echo "
            		</script>
		</td>
	</tr>";
		}
	}
]]></add>
		</operation>

		<operation>
			<search position="before"><![CDATA[
								<td>
									', $modSettings['karmaApplaudLabel'], ' <input type="text" name="karmaGood" size="4" value="', $context['member']['karma']['good'], '" onchange="setInnerHTML(document.getElementById(\'karmaTotal\'), this.value - this.form.karmaBad.value);" style="margin-right: 2ex;" /> ', $modSettings['karmaSmiteLabel'], ' <input type="text" name="karmaBad" size="4" value="', $context['member']['karma']['bad'], '" onchange="this.form.karmaGood.onchange();" /><br />
									(', $txt[94], ': <span id="karmaTotal">', ($context['member']['karma']['good'] - $context['member']['karma']['bad']), '</span>)
								</td>
							</tr>';
	}
]]></search>
			<add><![CDATA[
	
	//Google Map Member Map
	if (($modSettings['googleMapsEnable']) && (allowedTo('googleMap_place'))) {
	echo '
							<tr>
								<td colspan="2"><hr width="100%" size="1" class="hrcolor" /></td>
							</tr><tr>
								<td class="windowbg2" colspan="2" align="center">
    <style type="text/css">
      @import url("http://www.google.com/uds/css/gsearch.css");
      @import url("http://www.google.com/uds/solutions/localsearch/gmlocalsearch.css");
     #map input, textarea {background-color: #ffffff;}
    </style>
									<script src="http://maps.google.com/maps?file=api&v=2&key=' . $modSettings['googleMapsKey'] . '" type="text/javascript"></script>
									<script src="http://www.google.com/uds/api?file=uds.js&amp;v=1.0" type="text/javascript"></script>
									<script src="http://www.google.com/uds/solutions/localsearch/gmlocalsearch.js" type="text/javascript"></script> 
									<a name="googlemap"><div id="map" style="width: 600px; height: 350px; color: #000000;" align="center"></div></a>
									<div id="message" align="center">', $txt['googleMapPleaseClick'], '</div>
					                <div id="disclaimer" align="center">', $txt['googleMapDisclaimer'] ,'</div>

									<input type="hidden" name="latitude" id="latitude" size="50" value="', $context['member']['googleMap']['latitude'], '" />
									<input type="hidden" name="longitude" id="longitude" size="50" value="', $context['member']['googleMap']['longitude'], '" />
									<script type="text/javascript">';
	//Evil hack on this!!!
        echo '
		//' . chr(60) . chr(33) . chr(91) . chr(67) . chr(68) . chr(65) . chr(84) . chr(65) . chr(91);

	echo "
		function LoadMap() {
			var map = new GMap2(document.getElementById(\"map\"));
			map.addControl(new GSmallMapControl());
			map.addControl(new GMapTypeControl());
			var options = {suppressInitialResultSelection : true, resultList : google.maps.LocalSearch.RESULT_LIST_SUPPRESS};
			map.addControl(new google.maps.LocalSearch(options), new GControlPosition(G_ANCHOR_BOTTOM_RIGHT, new GSize(10,20)));";
	
	      	if (isset($context['member']['googleMap']['longitude']) && isset($context['member']['googleMap']['latitude']) && !empty($context['member']['googleMap']['longitude']) && !empty($context['member']['googleMap']['latitude'])) {
	echo "
			map.setCenter(new GLatLng(" . $context['member']['googleMap']['latitude'] . "," . $context['member']['googleMap']['longitude'] . "), 13, " . $modSettings['googleMapsType'] . ");
			var point = new GLatLng(" . $context['member']['googleMap']['latitude'] . "," . $context['member']['googleMap']['longitude'] . ");
			var marker = new GMarker(point);
			map.addOverlay(marker);";
		} else {
        echo "
			map.setCenter(new GLatLng(0,0), 1, G_NORMAL_MAP);";
		}

	echo "
			GEvent.addListener(map, 'click', function(overlay, point) {
				if (overlay) {
					map.clearOverlays();
					document.getElementById(\"latitude\").value = \"\";
					document.getElementById(\"longitude\").value = \"\";
				} else if (point) {
					map.clearOverlays();
					map.addOverlay(new GMarker(point));
					map.panTo(point);
					document.getElementById(\"latitude\").value = point.y;
					document.getElementById(\"longitude\").value = point.x;
				}
			});
		}

		if (GBrowserIsCompatible()) {
			window.onload=LoadMap;
		}";

        //Lets make another evil hack!
        echo '
		//' . chr(93) . chr(93) . chr(62);

	echo "
									</script>
								</td>
							</tr>";
	}
]]></add>
		</operation>
	</file>	

	<file name="$themedir/languages/Modifications.english.php">
		<operation>
			<search position="after"><![CDATA[?>]]></search>
			<add><![CDATA[
global $scripturl;
$txt['googleMap'] = 'Member Map';
$txt['googleMappinned'] = 'Pinned Member\'s';
$txt['googleMapc'] = 'Member Map Mod by <a href="http://www.gamerzgarage.com/">brianjw</a>';
$txt['googleMapGreenPinGD'] = 'Someones Pin';
$txt['googleMapGreenPinNG'] = 'No Gender';
$txt['googleMapBluePin'] = 'Male';
$txt['googleMapRedPin'] = 'Female';
$txt['googleMapPurplePin'] = 'Cluster of pins';
$txt['googleMapAddPinNote'] = '<a href="' . $scripturl . '?action=profile;sa=forumProfile#googlemap">Click here to go place your pin if you have not already.</a>';
$txt['googleMapPleaseClick'] = 'Click to place a point or click on your point to remove it.';
$txt['googleMapDisclaimer'] = 'Place your pin as close as you feel comfortable doing so.';
$txt['cannot_googleMap_view'] = 'Sorry, you\'re not allowed to view the Member Map.';
$txt['permissionname_googleMap_view'] = 'View Member Map';
$txt['permissionhelp_googleMap_view'] = 'Allow the people to view the Member Map.  If not set, the people will not see the map.';
$txt['cannot_googleMap_place'] = 'Sorry, you\'re not allowed to place a pin for the Member Map.';
$txt['permissionname_googleMap_place'] = 'Place Pin on Member Map';
$txt['permissionhelp_googleMap_place'] = 'Allow the people place there pin the Member Map.  If not set, the people will not be able to place there pins.';
]]></add>
		</operation>
	</file>
	
	<file name="$themedir/languages/Modifications.english-utf8.php" error="skip">
		<operation>
			<search position="after"><![CDATA[?>]]></search>
			<add><![CDATA[
global $scripturl;
$txt['googleMap'] = 'Member Map';
$txt['googleMappinned'] = 'Pinned Member\'s';
$txt['googleMapc'] = 'Member Map Mod by <a href="http://www.gamerzgarage.com/">brianjw</a>';
$txt['googleMapGreenPinGD'] = 'Someones Pin';
$txt['googleMapGreenPinNG'] = 'No Gender';
$txt['googleMapBluePin'] = 'Male';
$txt['googleMapRedPin'] = 'Female';
$txt['googleMapPurplePin'] = 'Cluster of pins';
$txt['googleMapAddPinNote'] = '<a href="' . $scripturl . '?action=profile;sa=forumProfile#googlemap">Click here to go place your pin if you have not already.</a>';
$txt['googleMapPleaseClick'] = 'Click to place a point or click on your point to remove it.';
$txt['googleMapDisclaimer'] = 'Place your pin as close as you feel comfortable doing so.';
$txt['cannot_googleMap_view'] = 'Sorry, you\'re not allowed to view the Member Map.';
$txt['permissionname_googleMap_view'] = 'View Member Map';
$txt['permissionhelp_googleMap_view'] = 'Allow the people to view the Member Map.  If not set, the people will not see the map.';
$txt['cannot_googleMap_place'] = 'Sorry, you\'re not allowed to place a pin for the Member Map.';
$txt['permissionname_googleMap_place'] = 'Place Pin on Member Map';
$txt['permissionhelp_googleMap_place'] = 'Allow the people place there pin the Member Map.  If not set, the people will not be able to place there pins.';
]]></add>
		</operation>
	</file>
	
	<file name="$themedir/languages/ModSettings.english.php">
		<operation>
			<search position="before"><![CDATA[
$txt['karmaLabel'] = 'Karma label';
$txt['karmaApplaudLabel'] = 'Karma applaud label';
$txt['karmaSmiteLabel'] = 'Karma smite label';
]]></search>
			<add><![CDATA[
$txt['googleMapsEnable'] = 'Enable the Google Member Map';
$txt['googleMapsEnableLegend'] = 'Show a Pin Legend';
$txt['googleSidebar'] = 'Where to show sidebar';
$txt['googleMapsKey'] = 'The key from the Google Maps API Page';
$txt['googleMapsPinGender'] = 'Should the pins reflect users gender?';
$txt['KMLoutput_enable'] = 'Should the compressed KML output be allowed? (KML is a file that is downloadable on the Google Map page that displays all the member pins inside Google Earth)';
$txt['googleMapsPinNumber'] = 'Number of max pins to show on map';
$txt['googleMapsType'] = 'The map type to show';
$txt['googleMapsDefaultLat'] = 'The default Latitude';
$txt['googleMapsDefaultLong'] = 'The default Longitude';
$txt['googleMapsDefaultZoom'] = 'The defualt Zoom';
$txt['googleMapsEnableClusterer'] = 'Enable Pin Clustering';
$txt['googleMapsMinMarkerCluster'] = 'Minimum Pins Per Cluster';
$txt['googleMapsMaxVisMarker'] = 'Maximum Visable Pins On Map';
$txt['googleMapsMaxNumClusters'] = 'Max Number of Clusters';
$txt['googleMapsMaxLinesCluster'] = 'Max Number of lines in Cluster Info Box';
$txt['googleMapFO'] = 'Member Map';
]]></add>
		</operation>
	</file>
	
	<file name="$themedir/languages/Who.english.php">
		<operation>
			<search position="before"><![CDATA[
$txt['whoall_.xml'] = 'Viewing an XML feed.';
]]></search>
			<add><![CDATA[
$txt['whoall_googlemap'] = 'Viewing the <a href="' . $scripturl . '?action=googlemap">Member Map</a>.';
$txt['whoall_.kml'] = 'Viewing the Google Earth Feed.';
]]></add>
		</operation>
	</file>
</modification>
